sku,store_view_code,attribute_set_code,product_type,product_websites,name,description,short_description,visibility,price,url_key,product_store_bpp,qty,out_of_stock_qty,use_config_min_qty,is_qty_decimal,allow_backorders,use_config_backorders,min_cart_qty,use_config_min_sale_qty,max_cart_qty,use_config_max_sale_qty,is_in_stock,notify_on_stock_below,use_config_notify_stock_qty,manage_stock,use_config_manage_stock,use_config_qty_increments,qty_increments,use_config_enable_qty_inc,enable_qty_increments,is_decimal_divided,website_id,deferred_stock_update,use_config_deferred_stock_update
G-0001,,Default,simple,main_website,G Fresh Raw Mango,Mango 1 unit,Weight 500 g,"Catalog, Search",Rs.81,g-fresh-raw-mango,9,0,0,1,0,0,1,1,0,0,1,1,,0,1,1,1,0,1,0,0,1,0,1
G-0002,,Default,simple,main_website,G Fresh Royal Gala Apple,Apple 4 units,Weight 500 -700 g,"Catalog, Search",Rs213,g-fresh-royal-gala-apple,,,,,,,,,,,,,,,,,,,,,,,,
G-0003,,Default,simple,main_website,G Fresh Washington Apple,Apple 4 units,Weight 600-800 g,"Catalog, Search",Rs175,g-fresh-washington-apple,,,,,,,,,,,,,,,,,,,,,,,,
G-0004,,Default,simple,main_website,G Fresh Fuji Apple-Regular,Apple 4 units,Weight 600-800 g,"Catalog, Search",Rs 200,g-fresh-fuji-apple-regular,,,,,,,,,,,,,,,,,,,,,,,,
G-0005,,Default,simple,main_website,G Fresh Kiran Watermelon,Watermelon 1 unit,Weight 1.75- 2.75 kg,"Catalog, Search",Rs 50,g-fresh-kiran-watermelon,,,,,,,,,,,,,,,,,,,,,,,,
G-0006,,Default,simple,main_website,G Fresh Muskmelon,Muskmelon 1 unit,Weight 400-700 g,"Catalog, Search",Rs 31,g-fresh-muskmelon,,,,,,,,,,,,,,,,,,,,,,,,
G-0007,,Default,simple,main_website,G Fresh Raw Banana,Banana 6 unit,,"Catalog, Search",Rs 72,g-fresh-raw-banana,,,,,,,,,,,,,,,,,,,,,,,,
G-0008,,Default,simple,main_website,G Fresh Pineapple,Pineapple 1 Unit,Weight 1 -1.4 kg,"Catalog, Search",Rs 54,g-fresh-pineapple,,,,,,,,,,,,,,,,,,,,,,,,
G-0009,,Default,simple,main_website,G Fresh Nagpur Orange,,Weight 1 kg,"Catalog, Search",Rs 89,g-fresh-nagpur-orange,,,,,,,,,,,,,,,,,,,,,,,,
G-0010,,Default,simple,main_website,G Fresh Kiwi,Kiwi 3 units,,"Catalog, Search",Rs 73,g-fresh-kiwi,,,,,,,,,,,,,,,,,,,,,,,,
G-0011,,Default,simple,main_website,Go Plain Cheese Slices,,Weight 476 g,"Catalog, Search",Rs 270,go-plain-cheese-silces,,,,,,,,,,,,,,,,,,,,,,,,
G-0012,,Default,simple,main_website,Amul Cheese Slices,,Weight 200 g,"Catalog, Search",RS 116,amul-cheese-silces,,,,,,,,,,,,,,,,,,,,,,,,
G-0013,,Default,simple,main_website,Britannia Cheese Slices,,Weight 480 g,"Catalog, Search",Rs 360,britannia-cheese-slices,,,,,,,,,,,,,,,,,,,,,,,,
G-0014,,Default,simple,main_website,Bon & Bread Herb Garlic Toast,,Weight 200 g,"Catalog, Search",Rs 145,bon-bread-herb-garlic-toast,,,,,,,,,,,,,,,,,,,,,,,,
G-0015,,Default,simple,main_website,Bon & Bread Eggless Chico-Chip Cake,,Weight 250 g,"Catalog, Search",Rs 188,bon-bread-eggles-chico-coke,,,,,,,,,,,,,,,,,,,,,,,,
G-0016,,Default,simple,main_website,Bagrry's Plus- Original & Healthier Corn Flakes,,Weight 880 g,"Catalog, Search",Rs 165,bagrry-plus-original-original-healthier-corn-flakes,,,,,,,,,,,,,,,,,,,,,,,,
G-0017,,Default,simple,main_website,Kelllog's Original,,Weight 1.2 kg,"Catalog, Search",Rs 306,kelllog-original,,,,,,,,,,,,,,,,,,,,,,,,
G-0018,,Default,simple,main_website,BitMo Corn FLakes,,Weight 500 g,"Catalog, Search",Rs 75,bitmo-corn-flakes,,,,,,,,,,,,,,,,,,,,,,,,
G-0019,,Default,simple,main_website,Bon & Breaad Herb Garlic Toast,,Weight 200 g,"Catalog, Search",Rs 145,bon-bread-herb-garlic-toast,,,,,,,,,,,,,,,,,,,,,,,,
G-0020,,Default,simple,main_website,Wheat Parantha,Wheat Paratha 5 units,,"Catalog, Search",Rs 73,wheat-parantha,,,,,,,,,,,,,,,,,,,,,,,,
G-0021,,Default,simple,main_website,Britannia Good Day Cashew Biscuit,,Weight 600 g,"Catalog, Search",Rs 90,britannia-good-day-cashew-biscut,,,,,,,,,,,,,,,,,,,,,,,,
G-0022,,Default,simple,main_website,Parle Real Elaichi Premium Rusk,,Weight 1kg,"Catalog, Search",Rs 128,parle-real-elachi-premium-rusk,,,,,,,,,,,,,,,,,,,,,,,,
G-0023,,Default,simple,main_website,Sunfeast Mom's Magic Biscuit,,Weight 600 g,"Catalog, Search",Rs 85,sunfeast-moms-magic-biscut,,,,,,,,,,,,,,,,,,,,,,,,
G-0024,,Default,simple,main_website,Basic Arhar Dal/ Toor Dal,,Weight 1 kg,"Catalog, Search",Rs 104,basic-arhar-dal-toor-dal,,,,,,,,,,,,,,,,,,,,,,,,
G-0025,,Default,simple,main_website,Basic Moong Dal,,Weight 1 kg,"Catalog, Search",Rs 105,basic-moong-dal,,,,,,,,,,,,,,,,,,,,,,,,
G-0026,,Default,simple,main_website,Basic Split White Urad Dal,,Weight 1 kg,"Catalog, Search",Rs 106,basic-split-white-urad-dal,,,,,,,,,,,,,,,,,,,,,,,,
G-0027,,Default,simple,main_website,Ashirwad Superior MP Whole Wheat Atta,,Weight 1 kg,"Catalog, Search",Rs 56,ashirwad-superior-mp-whole-wheat-atta,,,,,,,,,,,,,,,,,,,,,,,,
G-0028,,Default,simple,main_website,Chakki Atta,,Weight 5 kg,"Catalog, Search",Rs 144,chakki-atta,,,,,,,,,,,,,,,,,,,,,,,,
G-0029,,Default,simple,main_website,Bhagyalakshmi Poha,,Weight 500 g,"Catalog, Search",Rs 42,bhagyalakshmi-poha,,,,,,,,,,,,,,,,,,,,,,,,
G-0030,,Default,simple,main_website,Tata Sampann High Dietary Fibre Poha,,Weight 500 g,"Catalog, Search",Rs 34,tata-sompann-high-dietary-fibre-poha,,,,,,,,,,,,,,,,,,,,,,,,
G-0031,,Default,simple,main_website,Sunpure Refined Sunflower Oil,,1 L,"Catalog, Search",Rs 156,sunpure-refined-sunflower-oil,,,,,,,,,,,,,,,,,,,,,,,,
G-0032,,Default,simple,main_website,Fortune Sunlite Refined Sunflower Oil,,1 L,"Catalog, Search",Rs 160,fortune-sunlite-refined-sumflower-oil,,,,,,,,,,,,,,,,,,,,,,,,
G-0033,,Default,simple,main_website,BRU Green Label Roast & Ground Coffee,,Weight 500 g,"Catalog, Search",Rs 135,bru-green-label-roast-ground-coffee,,,,,,,,,,,,,,,,,,,,,,,,
G-0034,,Default,simple,main_website,Cothas Speciality Blend Coffee,,Weight 200 g,"Catalog, Search",Rs 106,cothas-speciality-blend-coffee,,,,,,,,,,,,,,,,,,,,,,,,
G-0035,,Default,simple,main_website,Tata Kanan Devan Classic Tea,,Weight 500 g,"Catalog, Search",Rs 135,tata-kanan-devan-classic-tea,,,,,,,,,,,,,,,,,,,,,,,,
G-0036,,Default,simple,main_website,Brooke Bond Red Label,,Weight 500 g,"Catalog, Search",Rs 135,brooke-bond-red-label,,,,,,,,,,,,,,,,,,,,,,,,
G-0037,,Default,simple,main_website,Tata Gold Tea,,Weight 250 g,"Catalog, Search",Rs 138,tata-gold-tea,,,,,,,,,,,,,,,,,,,,,,,,
G-0038,,Default,simple,main_website,Grofers Happy Day Mango Fruit Drink,2 X 1 L,,"Catalog, Search",Rs 79,grofers-happy-day-mango-fruit-drink,,,,,,,,,,,,,,,,,,,,,,,,
G-0039,,Default,simple,main_website,"Grofers Happy Day Coconut Water- Buy 3, Get 3",6 X 200 ml,,"Catalog, Search",Rs 135,grofers-happy-day-coconut-water,,,,,,,,,,,,,,,,,,,,,,,,
G-0040,,Default,simple,main_website,Sumeru Meat Boneless Chicken Leg,,Weight 400 g,"Catalog, Search",Rs 196,sumeru-meat-boneless-chicken-leg,,,,,,,,,,,,,,,,,,,,,,,,
G-0041,,Default,simple,main_website,Sumeru Five Senses -Prawns,,Weight 250 g,"Catalog, Search",Rs 225,sumeru-five-senses-prawns,,,,,,,,,,,,,,,,,,,,,,,,
G-0042,,Default,simple,main_website,Sumeru Breaded Fillet Fish,,Weight 350 g,"Catalog, Search",Rs 276,sumeru-breaded-fillet-fish,,,,,,,,,,,,,,,,,,,,,,,,
G-0043,,Default,simple,main_website,Carnivore Chicken Sausage Masala Salad,,Weight 250 g,"Catalog, Search",Rs 150,carnivore-chicken-sausage-masala-salad,,,,,,,,,,,,,,,,,,,,,,,,
G-0044,,Default,simple,main_website,Sumeru Wassup Chicken Nuggets,,Weight 450 g+ 450 g,"Catalog, Search",Rs 310,sumeru-wassup-chicken-nuggets,,,,,,,,,,,,,,,,,,,,,,,,
G-0045,,Default,simple,main_website,Carnivore Chicken Spicy Salami,,Weight 250 g,"Catalog, Search",Rs 156,carnivore-chicken-spicy-salami,,,,,,,,,,,,,,,,,,,,,,,,
G-0046,,Default,simple,main_website,SaveMore DBL-II Grass Broom,,,"Catalog, Search",Rs 79,dbl-II-grass-broom,,,,,,,,,,,,,,,,,,,,,,,,
G-0047,,Default,simple,main_website,Grofers Happy Home Ovel Bucket Spin Plastic Mop,,,"Catalog, Search",Rs 549,grofers-happy-home-ovel-bucket-spin-plastic-mop,,,,,,,,,,,,,,,,,,,,,,,,
G-0048,,Default,simple,main_website,Pedigree Chicken & Milk Dog Drt Food,,,"Catalog, Search",Rs 2008,pedigree-chicken-milk-dog-drt-food,,,,,,,,,,,,,,,,,,,,,,,,
G-0049,,Default,simple,main_website,Drools Chicken & Egg Dog Dried Food,,Weight 3kg + 12 kg,"Catalog, Search",Rs 16099,drools-chicken-egg-dog-dried-food,,,,,,,,,,,,,,,,,,,,,,,,