sku,store_view_code,attribute_set_code,product_type,product_websites,name,description,short_description,visibility,price,url_key,product_store_bpp,qty,out_of_stock_qty,use_config_min_qty,is_qty_decimal,allow_backorders,use_config_backorders,min_cart_qty,use_config_min_sale_qty,max_cart_qty,use_config_max_sale_qty,is_in_stock,,,,,,,,,,,,
H-0001,,Default,simple,main_website,Kairali Dish Wash With Scrub,Cleaning Lotion 1 unit,Weight 500 ml,"Catalog, Search",Rs 63,kairali-dish-wash-with-scrub,9,0,0,1,0,0,1,1,0,0,1,1,,,,,,,,,,,,
H-0002,,Default,simple,main_website,Oruma Tyre Polish,Tyre Polish 1 unit,Weight150ml,"Catalog, Search",Rs 48,oruma-tyre-polish,,,,,,,,,,,,,notify_on_stock_below,use_config_notify_stock_qty,manage_stock,use_config_manage_stock,use_config_qty_increments,qty_increments,use_config_enable_qty_inc,enable_qty_increments,is_decimal_divided,website_id,deferred_stock_update,use_config_deferred_stock_update
H-0003,,Default,simple,main_website,Yamiya Hand Wash,Hand Wash 1 unit,Weight 100ml,"Catalog, Search",Rs 30.6,yamiya-hand-wash,,,,,,,,,,,,,,0,1,1,1,0,1,0,0,1,0,1
H-0004,,Default,simple,main_website,Sun Cloth Wash,Cloth Wash 1 unit,Weight 1000ml,"Catalog, Search",Rs 99,sun-cloth-wash,,,,,,,,,,,,,,,,,,,,,,,,
H-0005,,Default,simple,main_website,Maa Dishwasher,Dish Washer 1 unit,Weight 500ml,"Catalog, Search",Rs 117,maa-dishwasher,,,,,,,,,,,,,,,,,,,,,,,,
H-0006,,Default,simple,main_website,Spice Magic-Chicken Masala,Chicken Masala,Weight 100g,"Catalog, Search",Rs 36,spice-magic-chicken-masala,,,,,,,,,,,,,,,,,,,,,,,,
H-0007,,Default,simple,main_website,Tharavad unnaka chemmeen chamanthi,Chemmeen Chamanthi,Weight 100mg,"Catalog, Search",Rs 64.35,tharavad-unnaka-chemmeen-chamanthi,,,,,,,,,,,,,,,,,,,,,,,,
H-0008,,Default,simple,main_website,Maria Chutney Powder,Chutney Powder,Weight 100mg,"Catalog, Search",Rs 63,maria-chutney-powder,,,,,,,,,,,,,,,,,,,,,,,,
H-0009,,Default,simple,main_website,Achayans masalas coriander,Coriander Masala,Weight 500mg,"Catalog, Search",Rs 81,achayanas-masalas-coriander,,,,,,,,,,,,,,,,,,,,,,,,
H-0010,,Default,simple,main_website,Theresa Chilly Powder,Chilly Powder,Weight 500 mg,"Catalog, Search",Rs 113,theresa-chilly-powder,,,,,,,,,,,,,,,,,,,,,,,,
H-0011,,Default,simple,main_website,Mk-ari murukku,Ari Murukku,1 pkt,"Catalog, Search",Rs 49,mk-ari-murukku,,,,,,,,,,,,,,,,,,,,,,,,
H-0012,,Default,simple,main_website,Nature dried pinneapple,Dried Pineapple,Weight 100g,"Catalog, Search",Rs 61,nature-dried-pineapple,,,,,,,,,,,,,,,,,,,,,,,,
H-0013,,Default,simple,main_website,Banana Chips,Banana Chips,Weight 250g,"Catalog, Search",Rs 50,banana-chips,,,,,,,,,,,,,,,,,,,,,,,,
H-0014,,Default,simple,main_website,Jack Fruit Cookies,Cookies,Weight 200g,"Catalog, Search",Rs 62,jack-fruit-cookies,,,,,,,,,,,,,,,,,,,,,,,,
H-0015,,Default,simple,main_website,Sharkaravaratti,Sharkaravartti,Weight 200g,"Catalog, Search",Rs 63,sharkaravaratti,,,,,,,,,,,,,,,,,,,,,,,,
H-0016,,Default,simple,main_website,Gramalakshmi Putt Maker,Putt Maker,1 Piece,"Catalog, Search",Rs 175,gramalakshmi-putt-maker,,,,,,,,,,,,,,,,,,,,,,,,
H-0017,,Default,simple,main_website,Kappa Stick,Kappa Stick,1 Piece,"Catalog, Search",Rs 175,kappa-stick,,,,,,,,,,,,,,,,,,,,,,,,
H-0018,,Default,simple,main_website,Pappadam Needle,Pappadam Needle,1 Piece,"Catalog, Search",Rs 55,,,,,,,,,,,,,,,,,,,,,,,,,
H-0019,,Default,simple,main_website,Tea Spoon,Tea Spoon,1 piece,"Catalog, Search",RS 48,tea-spoon,,,,,,,,,,,,,,,,,,,,,,,,
H-0020,,Default,simple,main_website,Ladle Large,Ladle Large,1 piece,"Catalog, Search",RS 85,ladle-large,,,,,,,,,,,,,,,,,,,,,,,,
H-0021,,Default,simple,main_website,Buds-Cloth Bag Grey Small,Cloth Bag,1nos,"Catalog, Search",RS 11,buds-cloth-bag-grey-small,,,,,,,,,,,,,,,,,,,,,,,,
H-0022,,Default,simple,main_website,Aadhi-Umbrella Black,Umbrella,450g,"Catalog, Search",RS 279,aadh-umbrella-black,,,,,,,,,,,,,,,,,,,,,,,,
H-0023,,Default,simple,main_website,Tune with natural laptop bag,Laptop Bag,1No,"Catalog, Search",RS 1080,tune-with-natural-sling-bag,,,,,,,,,,,,,,,,,,,,,,,,
H-0024,,Default,simple,main_website,Panchavarna Sling Bag,Sling Bag,1Piece,"Catalog, Search",RS 450,panchavarna-sling-bag,,,,,,,,,,,,,,,,,,,,,,,,
H-0025,,Default,simple,main_website,Panchavarna Clutch Bag,Clutch Bag,1Piece,"Catalog, Search",RS 720,panchavarna-clutch-bag,,,,,,,,,,,,,,,,,,,,,,,,
H-0026,,Default,simple,main_website,NISH Hand Made Soap,Handmade Soap,80g,"Catalog, Search",RS 21,nish-hand-made-soap,,,,,,,,,,,,,,,,,,,,,,,,
H-0027,,Default,simple,main_website,Gelya Face Pack,Face Pack,100g,"Catalog, Search",RS 126,gelya-face-pack,,,,,,,,,,,,,,,,,,,,,,,,
H-0028,,Default,simple,main_website,Ila green bio-degradable sanitary Napkin,Sanitary Napkin,6 Pieces,"Catalog, Search",RS 36.5,ila-green-bio-degradable-sanitary-napkin,,,,,,,,,,,,,,,,,,,,,,,,
H-0029,,Default,simple,main_website,Bee Wax,Bee Wax,50g,"Catalog, Search",RS 90,bee-wax,,,,,,,,,,,,,,,,,,,,,,,,
H-0030,,Default,simple,main_website,Shysole Chappal,Chappal,3 Pair,"Catalog, Search",RS 810,shysole-chappal,,,,,,,,,,,,,,,,,,,,,,,,
H-0031,,Default,simple,main_website,Kulirma Alovera Shampoo,Shampoo,100ml,"Catalog, Search",RS 95,kulirma-alovera-shampoo,,,,,,,,,,,,,,,,,,,,,,,,
H-0032,,Default,simple,main_website,Marshal Toilet Cleaner,Toilet Cleaner,500ml,"Catalog, Search",RS 58.5,marshal-toilet-cleaner,,,,,,,,,,,,,,,,,,,,,,,,
H-0033,,Default,simple,main_website,Triveni Soap,Soap,75g,"Catalog, Search",RS 36,triveni-soap,,,,,,,,,,,,,,,,,,,,,,,,
H-0034,,Default,simple,main_website,Gokul Agarbati,Agarbati,40g,"Catalog, Search",RS 9,gokul-agarbati,,,,,,,,,,,,,,,,,,,,,,,,
H-0035,,Default,simple,main_website,Honeysuckle,Honeysuckle,100g,"Catalog, Search",RS 135,honey-suckle,,,,,,,,,,,,,,,,,,,,,,,,
H-0036,,Default,simple,main_website,Ruchi Priya Black Pepper,Black Pepper,100g,"Catalog, Search",RS 81,ruchi-priya-black-pepper,,,,,,,,,,,,,,,,,,,,,,,,
H-0037,,Default,simple,main_website,Ruchi Priya Perum Jeerakam,Perum Jeerakam,100g,"Catalog, Search",RS 31.5,ruchi-priya-perum-jeerakam,,,,,,,,,,,,,,,,,,,,,,,,
H-0038,,Default,simple,main_website,Ruchi Priya Masala Packet,Masala Packet,160g,"Catalog, Search",RS 126,ruchi-priya-masala-packet,,,,,,,,,,,,,,,,,,,,,,,,
H-0039,,Default,simple,main_website,Hill Value Chaama,Chaama,500g,"Catalog, Search",RS 99,hill-value-chaama,,,,,,,,,,,,,,,,,,,,,,,,
H-0040,,Default,simple,main_website,Hill Value Raagi,Raagi,500g,"Catalog, Search",RS 58.5,hill-value-raagi,,,,,,,,,,,,,,,,,,,,,,,,
H-0041,,Default,simple,main_website,Dhanya Bamboo Handicraft,Bamboo Handicraft,500g,"Catalog, Search",RS 112.5,dhanya-bamboo-handicraft,,,,,,,,,,,,,,,,,,,,,,,,
H-0042,,Default,simple,main_website,Amuda Broom,Broom,1Piece,"Catalog, Search",RS 90,amuda-broom,,,,,,,,,,,,,,,,,,,,,,,,
H-0043,,Default,simple,main_website,Durgga Vatti,Vatti,1Piece,"Catalog, Search",RS 135,durgga-vatti,,,,,,,,,,,,,,,,,,,,,,,,